{
	"textures": {
		"0": "item/invictuswings",
		"particle": "item/invictuswings"
	},
	"elements": [
		{
			"from": [6, -4, 6],
			"to": [23, 13, 7],
			"rotation": {"angle": 45, "axis": "z", "origin": [7, 12, 8]},
			"faces": {
				"north": {"uv": [4, 0, 8, 4], "texture": "#0"},
				"east": {"uv": [4.25, 8, 4.5, 12], "texture": "#0"},
				"south": {"uv": [4, 4, 8, 8], "texture": "#0"},
				"west": {"uv": [8, 4.25, 8.25, 8.25], "texture": "#0"},
				"up": {"uv": [12.25, 0.25, 8.25, 0], "texture": "#0"},
				"down": {"uv": [4.25, 8.25, 0.25, 8.5], "texture": "#0"}
			}
		},
		{
			"from": [-6, 6, 6],
			"to": [11, 23, 7],
			"rotation": {"angle": -45, "axis": "z", "origin": [-5, 22, 8]},
			"faces": {
				"north": {"uv": [4, 0, 8, 4], "texture": "#0"},
				"east": {"uv": [4.25, 8, 4.5, 12], "texture": "#0"},
				"south": {"uv": [4, 4, 8, 8], "texture": "#0"},
				"west": {"uv": [8, 4.25, 8.25, 8.25], "texture": "#0"},
				"up": {"uv": [12.25, 0.25, 8.25, 0], "texture": "#0"},
				"down": {"uv": [4.25, 8.25, 0.25, 8.5], "texture": "#0"}
			}
		},
		{
			"from": [2, 7, 4],
			"to": [9, 14, 8],
			"rotation": {"angle": 0, "axis": "y", "origin": [2, 9, 5]},
			"faces": {
				"north": {"uv": [8, 0.5, 9.75, 2.25], "texture": "#0"},
				"east": {"uv": [12.5, 0.75, 13.5, 2.5], "texture": "#0"},
				"south": {"uv": [8, 0.5, 9.75, 2.25], "texture": "#0"},
				"west": {"uv": [11.5, 0.75, 12.5, 2.5], "texture": "#0"},
				"up": {"uv": [9.75, 1.5, 11.5, 2.5], "texture": "#0"},
				"down": {"uv": [9.75, 1.5, 11.5, 2.5], "texture": "#0"}
			}
		}
	],
	"display": {
		"head": {
			"translation": [4.75, -18, 10.75],
			"scale": [2, 2, 2]
		}
	}
}