{
	"textures": {
		"0": "file:item/elysium_armour",
		"particle": "file:item/elysium_armour"
	},
	"elements": [
		{
			"from": [3.87, 5.74, -0.88],
			"to": [6.13, 12, 14.38],
			"rotation": {"angle": -45, "axis": "y", "origin": [5, -20, 5]},
			"faces": {
				"north": {"uv": [9.75, 10.25, 10.25, 11.75], "texture": "#0"},
				"east": {"uv": [6, 10.25, 9.75, 11.75], "texture": "#0"},
				"south": {"uv": [14, 10.25, 14.5, 11.75], "texture": "#0"},
				"west": {"uv": [10.25, 10.25, 14, 11.75], "texture": "#0"},
				"up": {"uv": [10.25, 10.25, 9.75, 6.5], "texture": "#0"},
				"down": {"uv": [10.75, 6.5, 10.25, 15], "texture": "#0"}
			}
		},
		{
			"from": [0.45, -0.1, 0.45],
			"to": [9.45, 9.9, 9.45],
			"rotation": {"angle": -45, "axis": "y", "origin": [5, -20, 5]},
			"faces": {
				"north": {"uv": [8, 13.75, 10, 16], "texture": "#0"},
				"east": {"uv": [6, 13.75, 8, 16], "texture": "#0"},
				"south": {"uv": [12, 13.75, 14, 16], "texture": "#0"},
				"west": {"uv": [10, 13.75, 12, 16], "texture": "#0"},
				"up": {"uv": [8, 11.75, 10, 13.75], "texture": "#0"},
				"down": {"uv": [10, 11.75, 12, 13.75], "texture": "#0"}
			}
		}
	],
	"display": {
		"gui": {
			"rotation": [0, -164, 0],
			"translation": [-3, 1.5, 0]
		},
		"head": {
			"rotation": [0, 45, 0],
			"translation": [7.5, 5.5, 0],
			"scale": [1.75, 1.75, 1.75]
		}
	}
}